{
  "name": "WallCutter",
  "title": "Wall Cutter",
  "description": "Ever wanted to be able to cut existing walls? Well now you can. Wall Cutter offers new features for your wall breaking needs.",
  "author": ["HadaIonut"],
  "version": "1.1.0",
  "esmodules": ["scripts/WallCutter.js"],
  "styles": [],
  "minimumCoreVersion": "0.6.0",
  "compatibleCoreVersion": "0.7.5",
  "url": "https://github.com/HadaIonut/WallCutter",
  "manifest": "https://github.com/HadaIonut/WallCutter/releases/download/v1.1.0/module.json",
  "download": "https://github.com/HadaIonut/WallCutter/releases/download/v1.1.0/WallCutter.zip",
  "changelog": ""
}